{
  "title":"",
  "text": [
    {
      "text": "焦黑熔爐的大小長寬可以介於3x3到11x11之間，而高度則可以是高於3的任意高度。較大的結構可以增加較多的每次燒製數量。為了使這個機構能夠運作，它需要一個地板和天花板並且有邊框圍繞在周圍。(環繞在地板與天花板的邊框是可以不放的)"
    },
    {
      "text": "這個機構可以由任何種類的焦黑磚與單一個控制器，並且至少要提供一個儲罐來放置燃料，而水箱要被放在結構的外部角落(請見圖片)。天花板可以被替換成半專或是階梯，但是同樣支援和機構的其他部分同樣的方塊。",
	  "paragraph": true
    }
  ]
}