{
  "modifier": "extratrait",
  "text": [
    {
      "text": "通过放置一个工具部件并将其‘刻印’在另一个工具上，从而达到使工具继承或者说获得该部件特定属性的效果（不获取部件相关参数）。这就好比替换工具部件，但比它更好！"
    }
  ],
  "effects": [
    "获取部件属性",
    "效果类似部件替换",
    "刻印强化是永久的，无法被改变",
    "不需要强化槽"
  ],
  "demoTool": [
    "tconstruct:pickaxe"
  ]
}
