{
  "tool": "excavator",
  "text": [
    {
      "text": "Большая лопата - широкий копательный инструмент. Собирает почвы и снег в большом радиусе."
    },
    {
      "text": "\n"
    },
    {
      "text": "Когда нужно выкопать много могил..."
    }
  ],
  "properties": [
    "Нужна кузня",
    "Улучшенный инструмент добычи",
    "3x3 копание",
    "Эффективна на земле, песке и снегу",
    "Может создавать тропинки"
  ]
}