{
  "tool": "hammer",
  "text": [
    {
      "text": "Молот это большой инструмент добычи. Крушит блоки в большом радиусе и увечит нежить."
    },
    {
      "text": "\n"
    },
    {
      "text": "Оптимален для быстрой очистки местности и долгих походов."
    }
  ],
  "properties": [
    "Нужна кузня",
    "Улучшенный инструмент добычи",
    "3x3 добыча",
    "Эффективен на камнях и рудах",
    "Дополнительный урон нежити"
  ]
}