{
  "tool": "hatchet",
  "text": [
    {
      "text": "Топор - начальный рубящий инструмент. Эффективен на брёвнах и листьях. Рубка листьев не снижает прочность."
    },
    {
      "text": "\n"
    },
    {
      "text": "Использование топора в бою позволяет быстро пробить щит врага."
    }
  ],
  "properties": [
    "Начальный инструмент",
    "Эффективен на дереве",
    "Быстро рубит листья",
    "Не тратит прочность на листьях"
  ]
}