{
  "modifier": "mending_moss",
  "text": [
    {
      "text": "Some moss has grown on the worn out edges of your tool. Enchanting it with some XP causes it to fuse with the tool, restoring it gradually."
    }
  ],
  "effects": [
    "Stores XP picked up",
    "Max. Amount stored increases with modifier level",
    "Slowly repairs the tool over time",
    "Has to be in hotbar or offhand to repair",
    "Multiple levels"
  ],
  "demoTool": [
    "tconstruct:pickaxe",
    "tconstruct:broadsword",
    "tconstruct:shortbow",
    "tconstruct:arrow"
  ]
}