{
  "title":"失落的一頁",
  "text": [
    {
      "text": "歡迎翻閱材料與你第二版 : 在第一天和往後的日子存活下來。\n 可惜的是，似乎有些頁面遺失了!"
    },
    {
      "text": "這本書目前尚未完成，但是它包含了所有的工具材料與強化。 之後的版本將會包含更多的資訊，所以記得常回來翻閱這本書!",
      "paragraph": true
    },
    {
      "text": "喔對了，如果你也在想銅、鋁等等跑去哪了 : Tinkers' Construct 只有在地獄添加鈷礦 (Cobalt) 和阿迪特礦 (Ardite) ，但是已經不會再生成這些一般礦物了。 然而，本模組會自動支援其他有添加這些礦物的模組。",
      "paragraph": true
    }
  ]
}