{
  "title":"在第一天和往後的日子存活下來",
  "text": [
    {
      "text": "歡迎翻閱材料與你第二版 : 在第一天和往後的日子存活下來。 在這幾頁裡，你可以找到第一個步驟來將發現的材料製作成工具。"
    },
    {
      "text": "\n"
    },
    {
      "text": "\n"
    },
    {
      "text": "這本書是一個神奇的副本，當正本被修改的時候這本書也會跟著更新。 偶爾回來翻翻這本書以便取得一些新資訊。"
    },
    {
      "text": "\n"
    },
    {
      "text": "\n"
    },
    {
      "text": "製作工具的第一步是合成一個空白的模具。 模具是一個空白的板子，它可以將形狀烙印在上面，以供未來的創作參考使用。"
    }
  ]
}