{
  "title":"",
  "text": [
    {
      "text": "焦黑熔炉可以在3×3到11×11之间自定义大小，高度至少为3。越大的焦黑熔炉可以烧制更多的物品。搭建它需要铺满顶部，底部以及框架。（顶部，底部，框架部分都可以自定义）"
    },
    {
      "text": "这个多方块结构可由任意种类焦黑方块搭建而成，但只能拥有一个控制器。需要至少一个能存储燃料的储罐，这个储罐必须放置在结构的边线部分（如图所示）。顶部也可以由焦黑方块衍生的台阶或者楼梯组成",
	  "paragraph": true
    }
  ]
}