{
  "title":"",
  "text": [
    {
      "text": "Tinker 탱크는 가로 세로 크기가 3x3 부터 11x11까지 설치가 자유롭지만 높이는 최소 3블록 이상이어야 합니다.큰 구조물일수록 더 많은 양을 저장할 수 있습니다. 측면과 바닥, 천장이 빈틈없이 제작되어야 합니다."
    },
    {
      "text": "Tinker 탱크는 그을린 블록, 그을린 유리, 제련소 배수구를 모두 사용하여 제작할 수 있습니다. 바닥에는 반드시 탱크 제어 장치가 존재해야 하며 바닥과 천장에 배수구가 있어야 합니다. 그을린 유리는 반드시 블록 가장자리에 설치해야 하며 탱크 제어 장치는 바닥 모퉁이에 설치할 수 없습니다. Tinker 탱크의 천장은 반 블록이나 계단 블록으로 대체할 수 있습니다",
	  "paragraph": true
    }
  ]
}