{
  "title":"",
  "text": [
    {
      "text": "焦黑熔爐的大小長寬可以介於3x3到11x11之間，而高度則可以是高於2的任意高度。較大的結構可以增加可融化的物品以及液體的存量。這個機構需要一個地板，但是不需要邊框與天花板。"
    },
    {
      "text": "冶煉爐可以使用任意的焦黑磚、玻璃、儲罐和排液口，然而底部必須由焦黑專組成。這個機構同時也需要至少一個儲罐來裝燃料儲罐，但是越多儲罐可以增加越多燃料容量。流嘴可以被貼在排液口上，可以用來傾倒液體進入澆鑄台與鑄造盆。另外也可以使用其他模組的管線來從排液口輸入或是輸出液體。",
	  "paragraph": true
    }
  ]
}