{
  "modifier": "blasting",
  "text": [
    {
      "text": "全てのブロックを爆破する！素早く撤去できます！"
    },
    {
      "text": "\n"
    },
    {
      "text": "レベルを上げると破壊速度を上げることができますが、採掘したブロックは失われるでしょう。"
    }
  ],
  "effects": [
    "ブロックを素早く破壊する",
    "範囲採掘道具の場合は、適していないブロックにも有効",
    "破壊したブロックはなくなる",
    "複数レベル時も使う改造スロットは1つだけ",
    "複数レベル"
  ],
  "demoTool": [
    "tconstruct:hammer"
  ]
}