{
  "modifier": "harvestwidth",
  "text": [
    {
      "text": "道具の効果が左右に伸びたらよいと思ったことはありませんか？今ならできます！"
    }
  ],
  "effects": [
    "道具の採掘効果が左右に伸びる",
    "ブロックだけに有効",
    "武器には効果がない",
    "高さ++と合わせて使える"
  ],
  "demoTool": [
    "tconstruct:pickaxe",
    "tconstruct:shovel",
    "tconstruct:hatchet",
    "tconstruct:mattock",
    "tconstruct:hammer",
    "tconstruct:lumberaxe",
    "tconstruct:excavator",
    "tconstruct:scythe"
  ]
}