{
  "modifier": "luck",
  "text": [
    {
      "text": "道具に散りばめられたラピスラズリは、運の神々への贈り物です。これはあなたに大きな財産と祝福をもたらします。"
    },
    {
      "text": "\n"
    },
    {
      "text": "遠距離武器の場合は、発射体に付ける必要があります。"
    }
  ],
  "effects": [
    "幸運またはドロップ増加を付与",
    "道具を使うと、運が増加する可能性がある",
    "複数レベル時も使う改造スロットは1つだけ",
    "シルクタッチと一緒には付けられません"
  ],
  "demoTool": [
    "tconstruct:pickaxe",
    "tconstruct:broadsword",
    "tconstruct:arrow"
  ]
}