{
  "title":"",
  "text": [
    {
      "text": "그을린 화로는 가로 세로 크기가 3x3 부터 11x11까지 설치가 자유롭지만 높이는 최소 3블록 이상이어야 합니다. 큰 구조물일수록 더 많은 양을 구울 수 있습니다. 측면과 바닥, 천장이 빈틈없이 제작되어야 합니다."
    },
    {
      "text": "그을린 화로는 그을린 벽돌과 그을린 화로 제어 장치 제작할 수 있습니다. 그을린 화로는 연료를 제공할 탱크가 적어도 하나 이상은 구조물에 존재해야 합니다. 그을린 화로의 천장은 반 블록이나 계단 블록으로 대체할 수 있습니다.",
	  "paragraph": true
    }
  ]
}