[
  {
    "name": "welcome",
    "type": "text",
    "data": "intro/welcome.json"
  },
  {
    "name": "welcome2",
    "type": "text",
    "data": "intro/welcome2.json"
  },
  {
    "name": "blankpattern",
    "type": "text",
    "data": "intro/blankpattern.json"
  },
  {
    "name": "craftingstation",
    "type": "text",
    "data": "intro/craftingstation.json"
  },
  {
    "name": "stenciltable",
    "type": "text",
    "data": "intro/stenciltable.json"
  },
  {
    "name": "patternchest",
    "type": "text",
    "data": "intro/patternchest.json"
  },
  {
    "name": "partbuilder",
    "type": "text",
    "data": "intro/partbuilder.json"
  },
  {
    "name": "partchest",
    "type": "text",
    "data": "intro/partchest.json"
  },
  {
    "name": "toolstation",
    "type": "text",
    "data": "intro/toolstation.json"
  },
  {
    "name": "toolforge",
    "type": "text",
    "data": "intro/toolforge.json"
  }
]