[
  {
    "type": "modifier",
    "data": "modifiers/haste.json"
  },
  {
    "type": "modifier",
    "data": "modifiers/luck.json"
  },
  {
    "type": "modifier",
    "data": "modifiers/sharpness.json"
  },
  {
    "type": "modifier",
    "data": "modifiers/diamond.json"
  },
  {
    "type": "modifier",
    "data": "modifiers/emerald.json"
  },
  {
    "type": "modifier_fortify",
    "data": "modifiers/fortify.json"
  },
  {
    "type": "modifier",
    "data": "modifiers/silktouch.json"
  },
  {
    "type": "modifier",
    "data": "modifiers/reinforced.json"
  },
  {
    "type": "modifier",
    "data": "modifiers/beheading.json"
  },
  {
    "type": "modifier",
    "data": "modifiers/smite.json"
  },
  {
    "type": "modifier",
    "data": "modifiers/bane_of_arthropods.json"
  },
  {
    "type": "modifier",
    "data": "modifiers/fiery.json"
  },
  {
    "type": "modifier",
    "data": "modifiers/necrotic.json"
  },
  {
    "type": "modifier",
    "data": "modifiers/knockback.json"
  },
  {
    "type": "modifier",
    "data": "modifiers/soulbound.json"
  },
  {
    "type": "modifier",
    "data": "modifiers/harvestheight.json"
  },
  {
    "type": "modifier",
    "data": "modifiers/harvestwidth.json"
  },
  {
    "type": "modifier",
    "data": "modifiers/mending_moss.json"
  },
  {
    "type": "modifier",
    "data": "modifiers/blasting.json"
  },
  {
    "type": "modifier",
    "data": "modifiers/glowing.json"
  },
  {
    "type": "modifier",
    "data": "modifiers/shulking.json"
  },
  {
    "type": "modifier",
    "data": "modifiers/webbed.json"
  },
  {
    "type": "modifier",
    "data": "modifiers/fins.json"
  },
  {
    "type": "modifier",
    "data": "modifiers/extratrait.json"
  }
]