{
  "title":"",
  "text": [
    {
      "text": "焼成かまどは縦横が3x3から11x11まで任意のサイズが可能で、高さは3以上であれば任意の高さにできます。構造が大きくなると、一度に製錬できるアイテムの数が増えます。有効な構造物とするためには、床と天井が必要で、枠部分も必要です。(天井と床の枠部分はあってもなくても構いません)"
    },
    {
      "text": "この構造物は、任意のタイプの焼成ブロックと、1つの焼成かまど制御器で作成できます。少なくとも1つ燃料タンクが必要で、タンクは枠部分に置かなければなりません(画像を参照)。天井はハーフブロックや階段に変えることができますが、そうでなければ他の部分と同じブロックでなければなりません。",
	  "paragraph": true
    }
  ]
}