{
  "tool": "crossbow",
  "text": [
    {
      "text": "十字弓是一个很强的远程攻击武器，它需要事先装好弹药。发射的弩箭威力大，还能穿透一部分敌人的装甲。十字弓能从伤害加成中得到益处。"
    },
    {
      "text": "\n"
    },
    {
      "text": "装载弹药非常的慢，但是通常你也只需要一次射击。"
    }
  ],
  "properties": [
    "需要工具装配台",
    "使用匠魂的弩箭",
    "有几率破甲",
    "在发射前需要装载弹药"
  ]
}