{
  "title": "维修",
  "text": [
    {
      "text": "在你使用工具的过程中，工具本身也会遭到磨损。一旦耐久耗尽它们就坏掉了。:("
    },
    {
      "text": "\n"
    },
    {
      "text": "为了避免这个问题，你需要修复你的工具。你不必等着它坏掉了再修，你随时都可以修复它！"
    },
    {
      "text": "修理工具非常简单。把工具放在合成站或者工具装配台，然后放上和工具顶端相同材料的物品。如果你的顶端是多种材料做成的，每一种你都可以拿来做修复材料。更多的材料能够增加更多的耐久。",
      "paragraph": true
    },
    {
      "text": "你也可以在矿井里或者远离你基地的地方修复你的工具。",
      "paragraph": true
    }
  ]
}