{
    "forge_marker": 1,
    "defaults": {
        "transform": "forge:default-item",
        "model": "forge:item-layer"
    },
    "variants": {
        "ingot": [{ "textures": { "layer0": "tconstruct:items/cast_ingot" }}],
        "nugget": [{ "textures": { "layer0": "tconstruct:items/cast_nugget" }}],
        "gem": [{ "textures": { "layer0": "tconstruct:items/cast_gem" }}],
        "plate": [{ "textures": { "layer0": "tconstruct:items/cast_plate" }}],
        "gear": [{ "textures": { "layer0": "tconstruct:items/cast_gear" }}]
    }
}
