{
    "forge_marker": 1,
    "defaults": {
        "transform": "forge:default-block",
        "model": "half_slab",
        "textures": {
            "bottom": "#all",
            "top": "#all",
            "side": "#all",
            "particle": "#all"
        }
    },
    "variants": {
        "type": {
            "clay": {
                "textures": { "all": "tconstruct:blocks/dried_clay" }
            },
            "brick": {
                "textures": { "all": "tconstruct:blocks/dried_clay_bricks" }
            }
        },
        "half": {
            "bottom": {},
            "top": {
                "model": "upper_slab"
            }
        }
    }
}