{
    "forge_marker": 1,
    "defaults": {
        "transform": "forge:default-item",
        "model": "forge:item-layer"
    },
    "variants": {
        "bacon": [{ "textures": { "layer0": "tconstruct:items/food/bacon" }}],
		
        "slimeball_blue":   [{ "textures": { "layer0": "tconstruct:items/materials/slimeball_blue" }}],
        "slimeball_purple": [{ "textures": { "layer0": "tconstruct:items/materials/slimeball_purple" }}],
        "slimeball_blood":  [{ "textures": { "layer0": "tconstruct:items/materials/slimeball_blood" }}],
        "slimeball_magma":  [{ "textures": { "layer0": "tconstruct:items/materials/slimeball_magma" }}],
		
        "jerky_beef":    [{ "textures": { "layer0": "tconstruct:items/food/jerky_beef" }}],
        "jerky_chicken": [{ "textures": { "layer0": "tconstruct:items/food/jerky_chicken" }}],
        "jerky_pork":    [{ "textures": { "layer0": "tconstruct:items/food/jerky_pork" }}],
        "jerky_mutton":  [{ "textures": { "layer0": "tconstruct:items/food/jerky_mutton" }}],
        "jerky_rabbit":  [{ "textures": { "layer0": "tconstruct:items/food/jerky_rabbit" }}],
		
        "jerky_fish":       [{ "textures": { "layer0": "tconstruct:items/food/jerky_fish" }}],
        "jerky_salmon":     [{ "textures": { "layer0": "tconstruct:items/food/jerky_salmon" }}],
        "jerky_clownfish":  [{ "textures": { "layer0": "tconstruct:items/food/jerky_clownfish" }}],
        "jerky_pufferfish": [{ "textures": { "layer0": "tconstruct:items/food/jerky_pufferfish" }}],
		
        "jerky_monster":    [{ "textures": { "layer0": "tconstruct:items/food/jerky_monster" }}],
        "slimedrop_green":  [{ "textures": { "layer0": "tconstruct:items/food/slimedrop_green" }}],
        "slimedrop_blue":   [{ "textures": { "layer0": "tconstruct:items/food/slimedrop_blue" }}],
        "slimedrop_purple": [{ "textures": { "layer0": "tconstruct:items/food/slimedrop_purple" }}],
        "slimedrop_blood":  [{ "textures": { "layer0": "tconstruct:items/food/slimedrop_blood" }}],
        "slimedrop_magma":  [{ "textures": { "layer0": "tconstruct:items/food/slimedrop_magma" }}]
    }
}
