{
    "forge_marker": 1,
    "defaults": {
        "transform": "forge:default-item",
        "model": "forge:item-layer"
    },
    "variants": {
        "seared_brick": [{ "textures": { "layer0": "tconstruct:items/materials/seared_brick" }}],
        "mud_brick": [{ "textures": { "layer0": "tconstruct:items/materials/mud_brick" }}],
        "dried_brick": [{ "textures": { "layer0": "tconstruct:items/materials/dried_brick" }}],
        "slimecrystal_green": [{ "textures": { "layer0": "tconstruct:items/materials/slimecrystal_green" }}],
        "slimecrystal_blue": [{ "textures": { "layer0": "tconstruct:items/materials/slimecrystal_blue" }}],
        "slimecrystal_magma": [{ "textures": { "layer0": "tconstruct:items/materials/slimecrystal_magma" }}],
        "expander_w": [{ "textures": { "layer0": "tconstruct:items/materials/expander_w" }}],
        "expander_h": [{ "textures": { "layer0": "tconstruct:items/materials/expander_h" }}],
        "reinforcement": [{ "textures": { "layer0": "tconstruct:items/materials/reinforcement" }}],
        "silky_cloth": [{ "textures": { "layer0": "tconstruct:items/materials/silky_cloth" }}],
        "silky_jewel": [{ "textures": { "layer0": "tconstruct:items/materials/silky_jewel" }}],
        "necrotic_bone": [{ "textures": { "layer0": "tconstruct:items/materials/necrotic_bone" }}],
        "moss": [{ "textures": { "layer0": "tconstruct:items/materials/moss" }}],
        "mending_moss": [{ "textures": { "layer0": "tconstruct:items/materials/mending_moss" }}],
        "creative_modifier": [{ "textures": { "layer0": "tconstruct:items/skull_char_gold" }}]
    }
}
