{
	"forge_marker": 1,
	"defaults": {
		"model": "orientable",
		"textures": {
            "top": "tconstruct:blocks/smeltery/seared_brick",
			"front": "tconstruct:blocks/smeltery/seared_furnace_inactive",
            "side": "#top"
		},
        "uvlock": true
	},
	"variants": {
		"facing": {
			"north": {},
			"south": { "y": 180 },
			"west": { "y": 270 },
			"east": { "y": 90 }
		},
		"active": {
			"true": { "textures": { "front": "tconstruct:blocks/smeltery/seared_furnace_active" } },
			"false": {}
		},
		"inventory": [{}]
	}
}
