{
    "forge_marker": 1,
    "defaults": {
        "transform": "forge:default-block",
        "model": "half_slab",
        "textures": {
            "bottom": "#all",
            "top": "#all",
            "side": "#all",
            "particle": "#all"
        }
    },
    "variants": {
        "type": {
            "stone": {
                "textures": { "all": "tconstruct:blocks/smeltery/seared_stone" }
            },
            "cobble": {
                "textures": { "all": "tconstruct:blocks/smeltery/seared_cobble" }
            },
            "paver": {
                "textures": { "all": "tconstruct:blocks/smeltery/seared_paver" }
            },
            "brick": {
                "textures": { "all": "tconstruct:blocks/smeltery/seared_brick" }
            },
            "brick_cracked": {
                "textures": { "all": "tconstruct:blocks/smeltery/seared_brick_cracked" }
            },
            "brick_fancy": {
                "textures": { "all": "tconstruct:blocks/smeltery/seared_brick_fancy" }
            },
            "brick_square": {
                "textures": { "all": "tconstruct:blocks/smeltery/seared_brick_square" }
            },
            "road": {
                "textures": { "all": "tconstruct:blocks/smeltery/seared_road" }
            }
        },
        "half": {
            "bottom": {},
            "top": {
                "model": "upper_slab"
            }
        }
    }
}