{
    "forge_marker": 1,
    "defaults": {
        "transform": "forge:default-block",
        "model": "grass",
        "textures": {
            "particle": "blocks/dirt",
            "bottom": "#particle",
            "top": "tconstruct:blocks/slime/slimegrass_top",
            "side": "#particle",
            "overlay": "tconstruct:blocks/slime/slimegrass_overlay"
        }
    },
	"variants": {
        "type": {
            "vanilla": {
                "textures": {
                    "particle": "blocks/dirt",
                    "bottom": "#particle",
                    "side": "#particle",
                    "all": "#particle"
                }
            },
            "green": {
                "textures": {
                    "particle": "tconstruct:blocks/slime/slimedirt_green",
                    "bottom": "#particle",
                    "side": "#particle",
                    "all": "#particle"
                }
            },
            "blue": {
                "textures": {
                    "particle": "tconstruct:blocks/slime/slimedirt_blue",
                    "bottom": "#particle",
                    "side": "#particle",
                    "all": "#particle"
                }
            },
            "purple": {
                "textures": {
                    "particle": "tconstruct:blocks/slime/slimedirt_purple",
                    "bottom": "#particle",
                    "side": "#particle",
                    "all": "#particle"
                }
            },
            "magma": {
                "textures": {
                    "particle": "tconstruct:blocks/slime/slimedirt_magma",
                    "bottom": "#particle",
                    "side": "#particle",
                    "all": "#particle"
                }
            }
        },
        "snowy": {
            "false": {
                "textures": {
                    "overlay": "tconstruct:blocks/slime/slimegrass_overlay"
                }
            },
            "true": {
                "model": "tconstruct:cube_overlay_side",
                "textures": {
                    "overlay": "tconstruct:blocks/slime/slimesnow_overlay"
                }
            }
        }
    }
}