{
    "forge_marker": 1,
    "defaults": {
        "transform": "forge:default-block",
        "model": "slime"
    },
	"variants": {
        "type=green": {
            "model": "slime",
            "textures": {
                "particle": "minecraft:blocks/slime",
                "texture": "minecraft:blocks/slime"
            }
        },
        "type=blue": {
            "model": "slime",
            "textures": {
                "particle": "tconstruct:blocks/slime/slime_blue",
                "texture": "tconstruct:blocks/slime/slime_blue"
            }
        },
        "type=purple": {
            "model": "slime",
            "textures": {
                "particle": "tconstruct:blocks/slime/slime_purple",
                "texture": "tconstruct:blocks/slime/slime_purple"
            }
        },
        "type=blood": {
            "model": "slime",
            "textures": {
                "particle": "tconstruct:blocks/slime/slime_blood",
                "texture": "tconstruct:blocks/slime/slime_blood"
            }
        },
        "type=magma": {
            "model": "tconstruct:slime_magma"
        }
    }
}