{
    "forge_marker": 1,
    "defaults": {
        "model": "tconstruct:slime_channel",
        "textures": {
          "slime": "tconstruct:blocks/fluids/liquid_flow",
		  "diagonal": "tconstruct:blocks/fluids/slime_channel_diagonal"
        }
    },
    "variants": {
		"connected": {
            "none": {},
            "inner": { "model": "tconstruct:slime_channel_inner" },
            "outer": { "model": "tconstruct:slime_channel_outer" }
        },
        "direction": {
            "west": { "y": 270 },
            "east":  { "y": 90 },
            "south": { "y": 180 },
            "north":  {},
			
            "southwest": { "model": "tconstruct:slime_channel_diagonal", "y": 270 },
            "northeast":  { "model": "tconstruct:slime_channel_diagonal", "y": 90 },
            "southeast": { "model": "tconstruct:slime_channel_diagonal", "y": 180 },
            "northwest":  { "model": "tconstruct:slime_channel_diagonal" }
        },
        "powered": {
            "true": { "textures": {
			    "slime": "tconstruct:blocks/fluids/slime_channel_still",
		        "diagonal": "tconstruct:blocks/fluids/slime_channel_still_diagonal"
			} },
            "false": {}
        }
    }
}