{
    "forge_marker": 1,
    "defaults": {
        "transform": "forge:default-block",
        "model": "cube",
        "textures": {
            "particle": "#up",
            "up": "tconstruct:blocks/smeltery/drain_front",
            "down": "#up",
            "east": "#up",
            "west": "#up",
            "south": "tconstruct:blocks/smeltery/drain_front",
            "north": "tconstruct:blocks/smeltery/drain_back"
        },
        "uvlock": true
    },
	"variants": {
        "type": {
            "drain": { }
        },
        "facing": {
            "north": {
                "y": 180
            },
            "east": {
                "y": 270
            },
            "south": {
                # front, nothing to rotate
            },
            "west": {
                "y": 90
            }
        }
    }
}