{
    "variants": {
		"connected=false,facing=up": { "model": "tinkerscompendium:componentstake" },
        "connected=false,facing=down": { "model": "tinkerscompendium:componentstake", "x": 180 },
        "connected=false,facing=east": { "model": "tinkerscompendium:componentstake", "y": 90, "x": 90 },
        "connected=false,facing=south": { "model": "tinkerscompendium:componentstake", "y": 180, "x": 90 },
        "connected=false,facing=west": { "model": "tinkerscompendium:componentstake", "y": 270, "x": 90 },
        "connected=false,facing=north": { "model": "tinkerscompendium:componentstake", "y": 0, "x": 90 },

        "connected=true,facing=up": { "model": "tinkerscompendium:componentstake_base" },
        "connected=true,facing=down": { "model": "tinkerscompendium:componentstake_base", "x": 180 },
        "connected=true,facing=east": { "model": "tinkerscompendium:componentstake_base", "y": 90, "x": 90 },
        "connected=true,facing=south": { "model": "tinkerscompendium:componentstake_base", "y": 180, "x": 90 },
        "connected=true,facing=west": { "model": "tinkerscompendium:componentstake_base", "y": 270, "x": 90 },
        "connected=true,facing=north": { "model": "tinkerscompendium:componentstake_base", "y": 0, "x": 90 }
    }
}
