{
	"variants": {
		"color=white": { "model": "tinkerscompendium:cottonblock" },
		"color=orange": { "model": "tinkerscompendium:cottonblock_orange" },
		"color=magenta": { "model": "tinkerscompendium:cottonblock_magenta" },
		"color=light_blue": { "model": "tinkerscompendium:cottonblock_light_blue" },
		"color=yellow": { "model": "tinkerscompendium:cottonblock_yellow" },
		"color=lime": { "model": "tinkerscompendium:cottonblock_lime" },
		"color=pink": { "model": "tinkerscompendium:cottonblock_pink" },
		"color=gray": { "model": "tinkerscompendium:cottonblock_gray" },
		"color=silver": { "model": "tinkerscompendium:cottonblock_light_gray" },
		"color=cyan": { "model": "tinkerscompendium:cottonblock_cyan" },
		"color=purple": { "model": "tinkerscompendium:cottonblock_purple" },
		"color=blue": { "model": "tinkerscompendium:cottonblock_blue" },
		"color=brown": { "model": "tinkerscompendium:cottonblock_brown" },
		"color=green": { "model": "tinkerscompendium:cottonblock_green" },
		"color=red": { "model": "tinkerscompendium:cottonblock_red" },
		"color=black": { "model": "tinkerscompendium:cottonblock_black" }
	}
}
