{
        "parent": "block/block",
		
		"credit": "Made with Blockbench",
		"textures": {
			"0": "blocks/log_oak_top",
			"1": "blocks/log_oak",
			"2": "blocks/planks_oak",
			"3": "blocks/anvil_top_damaged_0",
			"particle": "blocks/log_oak_top"
		},
		"elements": [
			{
				"name": "Log",
				"from": [1, 0, 0],
				"to": [15, 11, 1],
				"faces": {
					"north": {"uv": [1, 5, 15, 16], "texture": "#1"},
					"east": {"uv": [16, 16, 15, 5], "texture": "#1"},
					"south": {"uv": [1, 5, 15, 16], "texture": "#0"},
					"west": {"uv": [0, 5, 1, 16], "texture": "#1"},
					"up": {"uv": [1, 0, 15, 1], "texture": "#0"},
					"down": {"uv": [1, 15, 15, 16], "texture": "#0"}
				}
			},
			{
				"name": "Log",
				"from": [14, 0, 2],
				"to": [15, 10.5, 14],
				"faces": {
					"north": {"uv": [1, 5.5, 2, 16], "texture": "#0"},
					"east": {"uv": [14, 16, 2, 5.5], "texture": "#1"},
					"south": {"uv": [14, 5.5, 15, 16], "texture": "#1"},
					"west": {"uv": [2, 5.5, 14, 16], "texture": "#0"},
					"up": {"uv": [14, 2, 15, 14], "texture": "#0"},
					"down": {"uv": [14, 2, 15, 14], "texture": "#0"}
				}
			},
			{
				"name": "Log",
				"from": [1, 0, 2],
				"to": [2, 10.5, 14],
				"faces": {
					"north": {"uv": [14, 5.5, 15, 16], "texture": "#0"},
					"east": {"uv": [2, 5.5, 14, 16], "texture": "#0"},
					"south": {"uv": [1, 5.5, 2, 16], "texture": "#1"},
					"west": {"uv": [2, 5.5, 14, 16], "texture": "#1"},
					"up": {"uv": [1, 2, 2, 14], "texture": "#0"},
					"down": {"uv": [1, 2, 2, 14], "texture": "#0"}
				}
			},
			{
				"name": "Log",
				"from": [1, 0, 1],
				"to": [15, 10.5, 2],
				"faces": {
					"north": {"uv": [1, 5.5, 15, 16], "texture": "#0"},
					"east": {"uv": [15, 16, 14, 5.5], "texture": "#1"},
					"south": {"uv": [1, 5.5, 15, 16], "texture": "#0"},
					"west": {"uv": [1, 5.5, 2, 16], "texture": "#1"},
					"up": {"uv": [1, 1, 15, 2], "texture": "#0"},
					"down": {"uv": [1, 14, 15, 15], "texture": "#0"}
				}
			},
			{
				"name": "Log",
				"from": [1, 0, 14],
				"to": [15, 10.5, 15],
				"faces": {
					"north": {"uv": [1, 5.5, 15, 16], "texture": "#0"},
					"east": {"uv": [2, 16, 1, 5.5], "texture": "#1"},
					"south": {"uv": [1, 5.5, 15, 16], "texture": "#1"},
					"west": {"uv": [14, 5.5, 15, 16], "texture": "#1"},
					"up": {"uv": [1, 14, 15, 15], "texture": "#0"},
					"down": {"uv": [1, 1, 15, 2], "texture": "#0"}
				}
			},
			{
				"name": "Log",
				"from": [1, 0, 15],
				"to": [15, 11, 16],
				"faces": {
					"north": {"uv": [1, 5, 15, 16], "texture": "#0"},
					"east": {"uv": [1, 16, 0, 5], "texture": "#1"},
					"south": {"uv": [1, 5, 15, 16], "texture": "#1"},
					"west": {"uv": [15, 5, 16, 16], "texture": "#1"},
					"up": {"uv": [1, 15, 15, 16], "texture": "#0"},
					"down": {"uv": [1, 0, 15, 1], "texture": "#0"}
				}
			},
			{
				"name": "Log",
				"from": [15, 0, 0],
				"to": [16, 11, 16],
				"faces": {
					"north": {"uv": [0, 5, 1, 16], "texture": "#1"},
					"east": {"uv": [16, 16, 0, 5], "texture": "#1"},
					"south": {"uv": [15, 5, 16, 16], "texture": "#1"},
					"west": {"uv": [0, 5, 16, 16], "texture": "#0"},
					"up": {"uv": [15, 0, 16, 16], "texture": "#0"},
					"down": {"uv": [15, 0, 16, 16], "texture": "#0"}
				}
			},
			{
				"name": "Log",
				"from": [0, 0, 0],
				"to": [1, 11, 16],
				"faces": {
					"north": {"uv": [15, 5, 16, 16], "texture": "#1"},
					"east": {"uv": [0, 5, 16, 16], "texture": "#0"},
					"south": {"uv": [0, 5, 1, 16], "texture": "#1"},
					"west": {"uv": [0, 5, 16, 16], "texture": "#1"},
					"up": {"uv": [0, 0, 1, 16], "texture": "#0"},
					"down": {"uv": [0, 0, 1, 16], "texture": "#0"}
				}
			},
			{
				"name": "Log",
				"from": [2, 0, 2],
				"to": [14, 10, 14],
				"faces": {
					"north": {"uv": [2, 6, 14, 16], "texture": "#missing"},
					"east": {"uv": [14, 16, 2, 6], "texture": "#missing"},
					"south": {"uv": [2, 6, 14, 16], "texture": "#missing"},
					"west": {"uv": [2, 6, 14, 16], "texture": "#missing"},
					"up": {"uv": [2, 2, 14, 14], "texture": "#0"},
					"down": {"uv": [2, 2, 14, 14], "texture": "#0"}
				}
			},
			{
				"from": [1, 10, 8],
				"to": [11, 11, 9],
				"rotation": {"angle": -45, "axis": "y", "origin": [9.605, 10.505, 8.55]},
				"faces": {
					"north": {"uv": [0, 0, 10, 1], "texture": "#2"},
					"east": {"uv": [0, 0, 1, 1], "texture": "#2"},
					"south": {"uv": [0, 0, 10, 1], "texture": "#2"},
					"west": {"uv": [0, 0, 1, 1], "texture": "#2"},
					"up": {"uv": [0, 0, 10, 1], "texture": "#2"},
					"down": {"uv": [0, 0, 10, 1], "texture": "#2"}
				}
			},
			{
				"from": [9.75, 9.75, 6.25],
				"to": [11.25, 11.25, 7.25],
				"rotation": {"angle": -45, "axis": "y", "origin": [9.605, 10.505, 8.55]},
				"faces": {
					"north": {"uv": [3, 0, 4.5, 1.5], "texture": "#3"},
					"east": {"uv": [3, 0, 4, 1.5], "texture": "#3"},
					"south": {"uv": [3, 0, 4.5, 1.5], "texture": "#3"},
					"west": {"uv": [3, 0, 4, 1.5], "texture": "#3"},
					"up": {"uv": [3, 0, 4.5, 1], "texture": "#3"},
					"down": {"uv": [3, 0, 4.5, 1], "texture": "#3"}
				}
			},
			{
				"from": [9.65, 9.65, 9.75],
				"to": [11.4, 11.4, 11.25],
				"rotation": {"angle": -45, "axis": "y", "origin": [9.605, 10.505, 8.55]},
				"faces": {
					"north": {"uv": [3, 0, 4.75, 1.75], "texture": "#3"},
					"east": {"uv": [3, 0, 4.5, 1.75], "texture": "#3"},
					"south": {"uv": [3, 0, 4.75, 1.75], "texture": "#3"},
					"west": {"uv": [3, 0, 4.5, 1.75], "texture": "#3"},
					"up": {"uv": [3, 0, 4.75, 1.5], "texture": "#3"},
					"down": {"uv": [3, 0, 4.75, 1.5], "texture": "#3"}
				}
			},
			{
				"from": [9.5, 9.5, 7.5],
				"to": [11.5, 11.5, 9.5],
				"rotation": {"angle": -45, "axis": "y", "origin": [9.605, 10.505, 8.55]},
				"faces": {
					"north": {"uv": [3, 0, 5, 2], "texture": "#3"},
					"east": {"uv": [3, 0, 5, 2], "texture": "#3"},
					"south": {"uv": [3, 0, 5, 2], "texture": "#3"},
					"west": {"uv": [3, 0, 5, 2], "texture": "#3"},
					"up": {"uv": [3, 0, 5, 2], "texture": "#3"},
					"down": {"uv": [3, 0, 5, 2], "texture": "#3"}
				}
			},
			{
				"from": [10, 10, 7],
				"to": [11, 11, 10],
				"rotation": {"angle": -45, "axis": "y", "origin": [9.605, 10.505, 8.55]},
				"faces": {
					"north": {"uv": [3, 0, 4, 1], "texture": "#3"},
					"east": {"uv": [3, 0, 6, 1], "texture": "#3"},
					"south": {"uv": [3, 0, 4, 1], "texture": "#3"},
					"west": {"uv": [3, 0, 6, 1], "texture": "#3"},
					"up": {"uv": [3, 0, 4, 3], "texture": "#3"},
					"down": {"uv": [3, 0, 4, 3], "texture": "#3"}
				}
			}
		]
	}
}