{
	"parent": "block/block",
	
	"credit": "Made with Blockbench",
	"textures": {
		"0": "blocks/stone",
		"1": "tinkerscompendium:blocks/ore",
		"particle": "blocks/stone"
	},
	"elements": [
		{
			"name": "main",
			"from": [0, 0, 0],
			"to": [16, 16, 16],
			"faces": {
				"north": { "tintindex": 0, "uv": [0, 0, 16, 16], "texture": "#0"},
				"east": { "tintindex": 0, "uv": [0, 0, 16, 16], "texture": "#0"},
				"south": { "tintindex": 0, "uv": [0, 0, 16, 16], "texture": "#0"},
				"west": { "tintindex": 0, "uv": [0, 0, 16, 16], "texture": "#0"},
				"up": { "tintindex": 0, "uv": [0, 0, 16, 16], "texture": "#0"},
				"down": { "tintindex": 0, "uv": [0, 0, 16, 16], "texture": "#0"}
			}
		},
		{
			"name": "vein",
			"from": [-1, 15, -1],
			"to": [15, 17, 15],
			"faces": {
				"north": { "tintindex": 1, "uv": [0, 0, 16, 2], "texture": "#1"},
				"east": { "tintindex": 1, "uv": [0, 0, 16, 2], "texture": "#1"},
				"south": { "tintindex": 1, "uv": [0, 0, 16, 2], "texture": "#1"},
				"west": { "tintindex": 1, "uv": [0, 0, 16, 2], "texture": "#1"},
				"up": { "tintindex": 1, "uv": [0, 0, 16, 16], "texture": "#1"},
				"down": { "tintindex": 1, "uv": [0, 0, 16, 16], "texture": "#1"}
			}
		},
		{
			"name": "vein",
			"from": [1, -1, -1],
			"to": [17, 1, 15],
			"faces": {
				"north": { "tintindex": 1, "uv": [0, 0, 16, 2], "texture": "#1"},
				"east": { "tintindex": 1, "uv": [0, 0, 16, 2], "texture": "#1"},
				"south": { "tintindex": 1, "uv": [0, 0, 16, 2], "texture": "#1"},
				"west": { "tintindex": 1, "uv": [0, 0, 16, 2], "texture": "#1"},
				"up": { "tintindex": 1, "uv": [0, 0, 16, 16], "texture": "#1"},
				"down": { "tintindex": 1, "uv": [0, 0, 16, 16], "texture": "#1"}
			}
		},
		{
			"name": "vein",
			"from": [-1, 2, -1],
			"to": [17, 4, 17],
			"faces": {
				"north": { "tintindex": 1, "uv": [0, 0, 16, 2], "texture": "#1"},
				"east": { "tintindex": 1, "uv": [0, 0, 16, 2], "texture": "#1"},
				"south": { "tintindex": 1, "uv": [0, 0, 16, 2], "texture": "#1"},
				"west": { "tintindex": 1, "uv": [0, 0, 16, 2], "texture": "#1"},
				"up": { "tintindex": 1, "uv": [0, 0, 16, 16], "texture": "#1"},
				"down": { "tintindex": 1, "uv": [0, 0, 16, 16], "texture": "#1"}
			}
		},
		{
			"name": "vein",
			"from": [-1, 4, 1],
			"to": [15, 5, 17],
			"faces": {
				"north": { "tintindex": 1, "uv": [0, 0, 16, 1], "texture": "#1"},
				"east": { "tintindex": 1, "uv": [0, 0, 16, 1], "texture": "#1"},
				"south": { "tintindex": 1, "uv": [0, 0, 16, 1], "texture": "#1"},
				"west": { "tintindex": 1, "uv": [0, 0, 16, 1], "texture": "#1"},
				"up": { "tintindex": 1, "uv": [0, 0, 16, 16], "texture": "#1"},
				"down": { "tintindex": 1, "uv": [0, 0, 16, 16], "texture": "#1"}
			}
		},
		{
			"name": "vein",
			"from": [-1, 6, -1],
			"to": [17, 7, 17],
			"faces": {
				"north": { "tintindex": 1, "uv": [0, 0, 16, 1], "texture": "#1"},
				"east": { "tintindex": 1, "uv": [0, 0, 16, 1], "texture": "#1"},
				"south": { "tintindex": 1, "uv": [0, 0, 16, 1], "texture": "#1"},
				"west": { "tintindex": 1, "uv": [0, 0, 16, 1], "texture": "#1"},
				"up": { "tintindex": 1, "uv": [0, 0, 16, 16], "texture": "#1"},
				"down": { "tintindex": 1, "uv": [0, 0, 16, 16], "texture": "#1"}
			}
		},
		{
			"name": "vein",
			"from": [1, 8, -1],
			"to": [17, 9, 15],
			"faces": {
				"north": { "tintindex": 1, "uv": [0, 0, 16, 1], "texture": "#1"},
				"east": { "tintindex": 1, "uv": [0, 0, 16, 1], "texture": "#1"},
				"south": { "tintindex": 1, "uv": [0, 0, 16, 1], "texture": "#1"},
				"west": { "tintindex": 1, "uv": [0, 0, 16, 1], "texture": "#1"},
				"up": { "tintindex": 1, "uv": [0, 0, 16, 16], "texture": "#1"},
				"down": { "tintindex": 1, "uv": [0, 0, 16, 16], "texture": "#1"}
			}
		},
		{
			"name": "vein",
			"from": [1, 10, 1],
			"to": [17, 12, 17],
			"faces": {
				"north": { "tintindex": 1, "uv": [0, 0, 16, 2], "texture": "#1"},
				"east": { "tintindex": 1, "uv": [0, 0, 16, 2], "texture": "#1"},
				"south": { "tintindex": 1, "uv": [0, 0, 16, 2], "texture": "#1"},
				"west": { "tintindex": 1, "uv": [0, 0, 16, 2], "texture": "#1"},
				"up": { "tintindex": 1, "uv": [0, 0, 16, 16], "texture": "#1"},
				"down": { "tintindex": 1, "uv": [0, 0, 16, 16], "texture": "#1"}
			}
		},
		{
			"name": "vein",
			"from": [-1, 13, -1],
			"to": [17, 14, 17],
			"faces": {
				"north": { "tintindex": 1, "uv": [0, 0, 16, 1], "texture": "#1"},
				"east": { "tintindex": 1, "uv": [0, 0, 16, 1], "texture": "#1"},
				"south": { "tintindex": 1, "uv": [0, 0, 16, 1], "texture": "#1"},
				"west": { "tintindex": 1, "uv": [0, 0, 16, 1], "texture": "#1"},
				"up": { "tintindex": 1, "uv": [0, 0, 16, 16], "texture": "#1"},
				"down": { "tintindex": 1, "uv": [0, 0, 16, 16], "texture": "#1"}
			}
		}
	],
	"display": {
		"thirdperson_righthand": {
			"scale": [0.4, 0.4, 0.4]
		},
		"firstperson_righthand": {
			"scale": [0.4, 0.4, 0.4]
		},
		"firstperson_lefthand": {
			"scale": [0.4, 0.4, 0.4]
		},
		"fixed": {
			"scale": [0.8, 0.8, 0.8]
		},
		"gui": {
			"scale": [0.8, 0.8, 0.8]
		},
		"thirdperson_lefthand": {
			"scale": [0.4, 0.4, 0.4]
		}
	}
}