{
    "textures": {
		"tex": "minecraft:blocks/iron_trapdoor",
        "particle": "minecraft:blocks/iron_trapdoor"
    },
    "elements": [
        {   "from": [ 0, 13, 0 ],
            "to": [ 16, 16, 16 ],
            "faces": {
                "down":  { "tintindex": 1, "uv": [ 0,  0, 16, 16 ], "texture": "#tex" },
                "up":    { "tintindex": 1, "uv": [ 0,  0, 16, 16 ], "texture": "#tex", "cullface": "up" },
                "north": { "tintindex": 1, "uv": [ 0, 16, 16, 13 ], "texture": "#tex", "cullface": "north" },
                "south": { "tintindex": 1, "uv": [ 0, 16, 16, 13 ], "texture": "#tex", "cullface": "south" },
                "west":  { "tintindex": 1, "uv": [ 0, 16, 16, 13 ], "texture": "#tex", "cullface": "west" },
                "east":  { "tintindex": 1, "uv": [ 0, 16, 16, 13 ], "texture": "#tex", "cullface": "east" }
            }
        }
    ]
}
