{
    "ambientocclusion": false,
    "textures": {
        "particle": "blocks/iron_bars",
        "bars": "blocks/iron_bars",
        "edge": "blocks/iron_bars"
    },
    "elements": [
        {   "from": [ 8, 0, 7 ],
            "to": [ 8, 16, 8 ],
            "faces": {
                "west": { "tintindex": 1, "uv": [ 8, 0, 9, 16 ], "texture": "#bars" },
                "east": { "tintindex": 1, "uv": [ 9, 0, 8, 16 ], "texture": "#bars" }
            }
        },
        {   "from": [ 7, 0, 7 ],
            "to": [ 9, 16, 7 ],
            "faces": {
                "north": { "tintindex": 1, "uv": [ 7, 0, 9, 16 ], "texture": "#bars" },
                "south": { "tintindex": 1, "uv": [ 9, 0, 7, 16 ], "texture": "#bars" }
            }
        }
    ]
}
