{
	"parent": "block/end_rod",
	"textures": {
		"rod": "tinkerscompendium:blocks/blank",
		"particle": "tinkerscompendium:blocks/blank"
		
	},
	"elements": [
		{
			"from": [ 7, 0, 7 ],
			"to": [ 9, 16, 9 ],
			"faces": {
				"down": {  "tintindex": 1, "uv": [ 7, 14, 9, 16 ], "texture": "#rod" },
				"up": {  "tintindex": 1, "uv": [ 7, 0, 9, 2 ], "texture": "#rod" },
				"north": {  "tintindex": 1, "uv": [ 7, 0, 9, 16 ], "texture": "#rod" },
				"south": {  "tintindex": 1, "uv": [ 7, 0, 9, 16 ], "texture": "#rod" },
				"west": {  "tintindex": 1, "uv": [ 7, 0, 9, 16 ], "texture": "#rod" },
				"east": {  "tintindex": 1, "uv": [ 7, 0, 9, 16 ], "texture": "#rod" }
			}
		}
	]
}