{
    "ambientocclusion": false,
    "textures": {
        "bottom": "minecraft:blocks/door_iron_lower",
        "top": "minecraft:blocks/door_iron_upper"
    },
    "elements": [
        {   "from": [ 0, 0, 0 ],
            "to": [ 3, 16, 16 ],
            "faces": {
                "down":  { "tintindex": 1, "uv": [ 13, 0, 16, 16 ], "texture": "#bottom", "cullface": "down" },
                "north": { "tintindex": 1, "uv": [  3, 0,  0, 16 ], "texture": "#bottom", "cullface": "north" },
                "south": { "tintindex": 1, "uv": [  0, 0,  3, 16 ], "texture": "#bottom", "cullface": "south" },
                "west":  { "tintindex": 1, "uv": [ 16, 0,  0, 16 ], "texture": "#bottom", "cullface": "west" },
                "east":  { "tintindex": 1, "uv": [  0, 0, 16, 16 ], "texture": "#bottom" }
            }
        }
    ]
}
