{
    "ambientocclusion": false,
    "textures": {
        "particle": "blocks/iron_bars",
        "bars": "blocks/iron_bars",
        "edge": "blocks/iron_bars"
    },
    "elements": [
        {   "from": [ 8, 0, 0 ],
            "to": [ 8, 16, 8 ],
            "faces": {
                "west": { "tintindex": 1, "uv": [ 16, 0,  8, 16 ], "texture": "#bars" },
                "east": { "tintindex": 1, "uv": [  8, 0, 16, 16 ], "texture": "#bars" }
            }
        },
        {   "from": [ 7, 0, 0 ],
            "to": [ 9, 16, 7 ],
            "faces": {
                "north": { "tintindex": 1, "uv": [ 7, 0, 9, 16 ], "texture": "#edge", "cullface": "north" }
            }
        },
        {   "from": [ 7, 0.001, 0 ],
            "to": [ 9, 0.001, 7 ],
            "faces": {
                "down":  { "tintindex": 1, "uv": [ 9, 0, 7, 7 ], "texture": "#edge" },
                "up":    { "tintindex": 1, "uv": [ 7, 0, 9, 7 ], "texture": "#edge" }
            }
        },
        {   "from": [ 7, 15.999, 0 ],
            "to": [ 9, 15.999, 7 ],
            "faces": {
                "down":  { "tintindex": 1, "uv": [ 9, 0, 7, 7 ], "texture": "#edge" },
                "up":    { "tintindex": 1, "uv": [ 7, 0, 9, 7 ], "texture": "#edge" }
            }
        }
    ]
}
