{
	"parent": "block/end_rod",
	"textures": {
		"rod": "tinkerscompendium:blocks/blank",
		"particle": "tinkerscompendium:blocks/blank"
	},
	"elements": [
		{
			"from": [ 6, 0, 6 ],
			"to": [ 10, 1, 10 ],
			"faces": {
				"down": {  "tintindex": 1, "uv": [ 2, 3, 6, 7 ], "texture": "#rod" },
				"up": {  "tintindex": 1, "uv": [ 2, 3, 6, 7 ], "texture": "#rod" },
				"north": {  "tintindex": 1, "uv": [ 2, 5, 6, 6 ], "texture": "#rod" },
				"south": {  "tintindex": 1, "uv": [ 2, 4, 6, 5 ], "texture": "#rod" },
				"west": {  "tintindex": 1, "uv": [ 2, 3, 6, 4 ], "texture": "#rod" },
				"east": {  "tintindex": 1, "uv": [ 2, 2, 6, 3 ], "texture": "#rod" }
			}
		},
		{
			"from": [ 7, 1, 7 ],
			"to": [ 9, 16, 9 ],
			"faces": {
				"down": {  "tintindex": 1, "uv": [ 0, 13, 2, 15 ], "texture": "#rod" },
				"up": {  "tintindex": 1, "uv": [ 2, 0, 4, 2 ], "texture": "#rod" },
				"north": {  "tintindex": 1, "uv": [ 0, 0, 2, 15 ], "texture": "#rod" },
				"south": {  "tintindex": 1, "uv": [ 0, 0, 2, 15 ], "texture": "#rod" },
				"west": {  "tintindex": 1, "uv": [ 0, 0, 2, 15 ], "texture": "#rod" },
				"east": {  "tintindex": 1, "uv": [ 0, 0, 2, 15 ], "texture": "#rod" }
			}
		}
	]
}