{
"parent": "block/cube_all",
	"textures": {
		"all": "tinkerscompendium:blocks/cottonblock_blue"
	},
  "elements": [
    {
      "from": [ 0, 0, 0 ],
      "to": [ 16, 16, 16 ],
      "faces": {
        "down":  { "tintindex": 1, "texture": "#all", "cullface": "down" },
        "up":    { "tintindex": 1, "texture": "#all", "cullface": "up" },
        "north": { "tintindex": 1, "texture": "#all", "cullface": "north" },
        "south": { "tintindex": 1, "texture": "#all", "cullface": "south" },
        "west":  { "tintindex": 1, "texture": "#all", "cullface": "west" },
        "east":  { "tintindex": 1, "texture": "#all", "cullface": "east" }
      }
    }
	]
}
