{
	"credit": "Made with Blockbench",
	"textures": {
		"0": "blocks/stone",
		"1": "tinkerscompendium:blocks/ore_rust",
		"particle": "blocks/stone"
	},
	"elements": [
		{
			"name": "main",
			"from": [0, 0, 0],
			"to": [16, 16, 16],
			"faces": {
				"north": {"tintindex": 0, "uv": [0, 0, 16, 16], "texture": "#0"},
				"east": {"tintindex": 0, "uv": [0, 0, 16, 16], "texture": "#0"},
				"south": {"tintindex": 0, "uv": [0, 0, 16, 16], "texture": "#0"},
				"west": {"tintindex": 0, "uv": [0, 0, 16, 16], "texture": "#0"},
				"up": {"tintindex": 0, "uv": [0, 0, 16, 16], "texture": "#0"},
				"down": {"tintindex": 0, "uv": [0, 0, 16, 16], "texture": "#0"}
			}
		},
		{
			"name": "node",
			"from": [-2, 5, 5],
			"to": [18, 12, 12],
			"faces": {
				"north": {"tintindex": 1, "uv": [0, 0, 16, 7], "texture": "#1"},
				"east": {"tintindex": 1, "uv": [0, 0, 7, 7], "texture": "#1"},
				"south": {"tintindex": 1, "uv": [0, 0, 16, 7], "texture": "#1"},
				"west": {"tintindex": 1, "uv": [0, 0, 7, 7], "texture": "#1"},
				"up": {"tintindex": 1, "uv": [0, 0, 16, 7], "texture": "#1"},
				"down": {"tintindex": 1, "uv": [0, 0, 16, 7], "texture": "#1"}
			}
		},
		{
			"name": "node",
			"from": [4, 4, -2],
			"to": [11, 11, 18],
			"faces": {
				"north": {"tintindex": 1, "uv": [0, 0, 7, 7], "texture": "#1"},
				"east": {"tintindex": 1, "uv": [0, 0, 16, 7], "texture": "#1"},
				"south": {"tintindex": 1, "uv": [0, 0, 7, 7], "texture": "#1"},
				"west": {"tintindex": 1, "uv": [0, 0, 16, 7], "texture": "#1"},
				"up": {"tintindex": 1, "uv": [0, 0, 7, 16], "texture": "#1"},
				"down": {"tintindex": 1, "uv": [0, 0, 7, 16], "texture": "#1"}
			}
		},
		{
			"name": "node",
			"from": [4, -2, 5],
			"to": [11, 18, 12],
			"faces": {
				"north": {"tintindex": 1, "uv": [0, 0, 7, 16], "texture": "#1"},
				"east": {"tintindex": 1, "uv": [0, 0, 7, 16], "texture": "#1"},
				"south": {"tintindex": 1, "uv": [0, 0, 7, 16], "texture": "#1"},
				"west": {"tintindex": 1, "uv": [0, 0, 7, 16], "texture": "#1"},
				"up": {"tintindex": 1, "uv": [0, 0, 7, 7], "texture": "#1"},
				"down": {"tintindex": 1, "uv": [0, 0, 7, 7], "texture": "#1"}
			}
		},
		{
			"name": "node",
			"from": [3, -1, 3],
			"to": [8, 17, 8],
			"faces": {
				"north": {"tintindex": 1, "uv": [0, 0, 5, 16], "texture": "#1"},
				"east": {"tintindex": 1, "uv": [0, 0, 5, 16], "texture": "#1"},
				"south": {"tintindex": 1, "uv": [0, 0, 5, 16], "texture": "#1"},
				"west": {"tintindex": 1, "uv": [0, 0, 5, 16], "texture": "#1"},
				"up": {"tintindex": 1, "uv": [0, 0, 5, 5], "texture": "#1"},
				"down": {"tintindex": 1, "uv": [0, 0, 5, 5], "texture": "#1"}
			}
		},
		{
			"name": "node",
			"from": [10, -1, 1],
			"to": [15, 17, 6],
			"faces": {
				"north": {"tintindex": 1, "uv": [0, 0, 5, 16], "texture": "#1"},
				"east": {"tintindex": 1, "uv": [0, 0, 5, 16], "texture": "#1"},
				"south": {"tintindex": 1, "uv": [0, 0, 5, 16], "texture": "#1"},
				"west": {"tintindex": 1, "uv": [0, 0, 5, 16], "texture": "#1"},
				"up": {"tintindex": 1, "uv": [0, 0, 5, 5], "texture": "#1"},
				"down": {"tintindex": 1, "uv": [0, 0, 5, 5], "texture": "#1"}
			}
		},
		{
			"name": "node",
			"from": [-1, 2, 1],
			"to": [17, 7, 6],
			"faces": {
				"north": {"tintindex": 1, "uv": [0, 0, 16, 5], "texture": "#1"},
				"east": {"tintindex": 1, "uv": [0, 0, 5, 5], "texture": "#1"},
				"south": {"tintindex": 1, "uv": [0, 0, 16, 5], "texture": "#1"},
				"west": {"tintindex": 1, "uv": [0, 0, 5, 5], "texture": "#1"},
				"up": {"tintindex": 1, "uv": [0, 0, 16, 5], "texture": "#1"},
				"down": {"tintindex": 1, "uv": [0, 0, 16, 5], "texture": "#1"}
			}
		},
		{
			"name": "node",
			"from": [-1, 8, 8],
			"to": [17, 13, 13],
			"faces": {
				"north": {"tintindex": 1, "uv": [0, 0, 16, 5], "texture": "#1"},
				"east": {"tintindex": 1, "uv": [0, 0, 5, 5], "texture": "#1"},
				"south": {"tintindex": 1, "uv": [0, 0, 16, 5], "texture": "#1"},
				"west": {"tintindex": 1, "uv": [0, 0, 5, 5], "texture": "#1"},
				"up": {"tintindex": 1, "uv": [0, 0, 16, 5], "texture": "#1"},
				"down": {"tintindex": 1, "uv": [0, 0, 16, 5], "texture": "#1"}
			}
		},
		{
			"name": "node",
			"from": [4, 9, -1],
			"to": [9, 14, 17],
			"faces": {
				"north": {"tintindex": 1, "uv": [0, 0, 5, 5], "texture": "#1"},
				"east": {"tintindex": 1, "uv": [0, 0, 16, 5], "texture": "#1"},
				"south": {"tintindex": 1, "uv": [0, 0, 5, 5], "texture": "#1"},
				"west": {"tintindex": 1, "uv": [0, 0, 16, 5], "texture": "#1"},
				"up": {"tintindex": 1, "uv": [0, 0, 5, 16], "texture": "#1"},
				"down": {"tintindex": 1, "uv": [0, 0, 5, 16], "texture": "#1"}
			}
		},
		{
			"name": "node",
			"from": [9, 3, -1],
			"to": [14, 8, 17],
			"faces": {
				"north": {"tintindex": 1, "uv": [0, 0, 5, 5], "texture": "#1"},
				"east": {"tintindex": 1, "uv": [0, 0, 16, 5], "texture": "#1"},
				"south": {"tintindex": 1, "uv": [0, 0, 5, 5], "texture": "#1"},
				"west": {"tintindex": 1, "uv": [0, 0, 16, 5], "texture": "#1"},
				"up": {"tintindex": 1, "uv": [0, 0, 5, 16], "texture": "#1"},
				"down": {"tintindex": 1, "uv": [0, 0, 5, 16], "texture": "#1"}
			}
		},
		{
			"name": "node",
			"from": [3, 3, -1],
			"to": [6, 6, 17],
			"faces": {
				"north": {"tintindex": 1, "uv": [0, 0, 3, 3], "texture": "#1"},
				"east": {"tintindex": 1, "uv": [0, 0, 16, 3], "texture": "#1"},
				"south": {"tintindex": 1, "uv": [0, 0, 3, 3], "texture": "#1"},
				"west": {"tintindex": 1, "uv": [0, 0, 16, 3], "texture": "#1"},
				"up": {"tintindex": 1, "uv": [0, 0, 3, 16], "texture": "#1"},
				"down": {"tintindex": 1, "uv": [0, 0, 3, 16], "texture": "#1"}
			}
		},
		{
			"name": "node",
			"from": [3, 9, -3],
			"to": [6, 12, 19],
			"faces": {
				"north": {"tintindex": 1, "uv": [0, 0, 3, 3], "texture": "#1"},
				"east": {"tintindex": 1, "uv": [0, 0, 16, 3], "texture": "#1"},
				"south": {"tintindex": 1, "uv": [0, 0, 3, 3], "texture": "#1"},
				"west": {"tintindex": 1, "uv": [0, 0, 16, 3], "texture": "#1"},
				"up": {"tintindex": 1, "uv": [0, 0, 3, 16], "texture": "#1"},
				"down": {"tintindex": 1, "uv": [0, 0, 3, 16], "texture": "#1"}
			}
		},
		{
			"name": "node",
			"from": [11, 10, -1],
			"to": [14, 13, 17],
			"faces": {
				"north": {"tintindex": 1, "uv": [0, 0, 3, 3], "texture": "#1"},
				"east": {"tintindex": 1, "uv": [0, 0, 16, 3], "texture": "#1"},
				"south": {"tintindex": 1, "uv": [0, 0, 3, 3], "texture": "#1"},
				"west": {"tintindex": 1, "uv": [0, 0, 16, 3], "texture": "#1"},
				"up": {"tintindex": 1, "uv": [0, 0, 3, 16], "texture": "#1"},
				"down": {"tintindex": 1, "uv": [0, 0, 3, 16], "texture": "#1"}
			}
		},
		{
			"name": "node",
			"from": [-1, 12, 3],
			"to": [17, 15, 6],
			"faces": {
				"north": {"tintindex": 1, "uv": [0, 0, 16, 3], "texture": "#1"},
				"east": {"tintindex": 1, "uv": [0, 0, 3, 3], "texture": "#1"},
				"south": {"tintindex": 1, "uv": [0, 0, 16, 3], "texture": "#1"},
				"west": {"tintindex": 1, "uv": [0, 0, 3, 3], "texture": "#1"},
				"up": {"tintindex": 1, "uv": [0, 0, 16, 3], "texture": "#1"},
				"down": {"tintindex": 1, "uv": [0, 0, 16, 3], "texture": "#1"}
			}
		},
		{
			"name": "node",
			"from": [-3, 7, 6],
			"to": [19, 10, 9],
			"faces": {
				"north": {"tintindex": 1, "uv": [0, 0, 16, 3], "texture": "#1"},
				"east": {"tintindex": 1, "uv": [0, 0, 3, 3], "texture": "#1"},
				"south": {"tintindex": 1, "uv": [0, 0, 16, 3], "texture": "#1"},
				"west": {"tintindex": 1, "uv": [0, 0, 3, 3], "texture": "#1"},
				"up": {"tintindex": 1, "uv": [0, 0, 16, 3], "texture": "#1"},
				"down": {"tintindex": 1, "uv": [0, 0, 16, 3], "texture": "#1"}
			}
		},
		{
			"name": "node",
			"from": [10, -1, 11],
			"to": [13, 17, 14],
			"faces": {
				"north": {"tintindex": 1, "uv": [0, 0, 3, 16], "texture": "#1"},
				"east": {"tintindex": 1, "uv": [0, 0, 3, 16], "texture": "#1"},
				"south": {"tintindex": 1, "uv": [0, 0, 3, 16], "texture": "#1"},
				"west": {"tintindex": 1, "uv": [0, 0, 3, 16], "texture": "#1"},
				"up": {"tintindex": 1, "uv": [0, 0, 3, 3], "texture": "#1"},
				"down": {"tintindex": 1, "uv": [0, 0, 3, 3], "texture": "#1"}
			}
		},
		{
			"name": "node",
			"from": [2, -1, 7],
			"to": [5, 17, 10],
			"faces": {
				"north": {"tintindex": 1, "uv": [0, 0, 3, 16], "texture": "#1"},
				"east": {"tintindex": 1, "uv": [0, 0, 3, 16], "texture": "#1"},
				"south": {"tintindex": 1, "uv": [0, 0, 3, 16], "texture": "#1"},
				"west": {"tintindex": 1, "uv": [0, 0, 3, 16], "texture": "#1"},
				"up": {"tintindex": 1, "uv": [0, 0, 3, 3], "texture": "#1"},
				"down": {"tintindex": 1, "uv": [0, 0, 3, 3], "texture": "#1"}
			}
		},
		{
			"name": "node",
			"from": [9, -3, 4],
			"to": [12, 19, 7],
			"faces": {
				"north": {"tintindex": 1, "uv": [0, 0, 3, 16], "texture": "#1"},
				"east": {"tintindex": 1, "uv": [0, 0, 3, 16], "texture": "#1"},
				"south": {"tintindex": 1, "uv": [0, 0, 3, 16], "texture": "#1"},
				"west": {"tintindex": 1, "uv": [0, 0, 3, 16], "texture": "#1"},
				"up": {"tintindex": 1, "uv": [0, 0, 3, 3], "texture": "#1"},
				"down": {"tintindex": 1, "uv": [0, 0, 3, 3], "texture": "#1"}
			}
		},
		{
			"name": "node",
			"from": [-1, 3, 10],
			"to": [17, 6, 13],
			"faces": {
				"north": {"tintindex": 1, "uv": [0, 0, 16, 3], "texture": "#1"},
				"east": {"tintindex": 1, "uv": [0, 0, 3, 3], "texture": "#1"},
				"south": {"tintindex": 1, "uv": [0, 0, 16, 3], "texture": "#1"},
				"west": {"tintindex": 1, "uv": [0, 0, 3, 3], "texture": "#1"},
				"up": {"tintindex": 1, "uv": [0, 0, 16, 3], "texture": "#1"},
				"down": {"tintindex": 1, "uv": [0, 0, 16, 3], "texture": "#1"}
			}
		}
	],
	"display": {
		"thirdperson_righthand": {
			"scale": [0.4, 0.4, 0.4]
		},
		"firstperson_righthand": {
			"scale": [0.4, 0.4, 0.4]
		},
		"firstperson_lefthand": {
			"scale": [0.4, 0.4, 0.4]
		},
		"fixed": {
			"scale": [0.8, 0.8, 0.8]
		},
		"gui": {
			"scale": [0.8, 0.8, 0.8]
		},
		"thirdperson_lefthand": {
			"scale": [0.4, 0.4, 0.4]
		}
	}
}