{
  "title":"",
  "text": [
    {
      "text": "제련소는 가로 세로 크기가 3x3 부터 11x11까지 설치가 자유롭지만 높이는 최소 2블록 이상이어야 합니다. 큰 구조물일 수록 더 많은 양을 융해할 수 있습니다. 제련소는 천장을 필요로 하지 않습니다."
    },
    {
      "text": "제련소는 그을린 블록, 유리, 제어 장치, 탱크를 조합하여 제작할 수 있습니다. 제어 장치와 탱크는 반드시 모퉁이가 아닌곳에 설치하여야 합니다. 배수구에 수도꼭지를 연결해 융해된 액체를 대야나 탁자에 담을 수 있습니다.",
	  "paragraph": true
    }
  ]
}