{
  "tool": "arrow",
  "text": [
    {
      "text": "矢は弓を使う際に用いる強力な発射体です。このmodで作成した矢は複数回使用することが出来、また標的を外した場合は拾うことができます。"
    },
    {
      "text": "\n"
    },
    {
      "text": "相手に与えるダメージは、矢の能力だけでなく弓の能力にも依存します。異なる素材を使うことで様々な振る舞いを行います。"
    }
  ],
  "properties": [
    "弓の弾",
    "回収可能",
    "1本で何度も使える"
  ]
}