{
  "tool": "battlesign",
  "text": [
    {
      "text": "看板はゾンビピッグマンが使っていたものを参考にした武器技術の進歩です。また、盾として使うことができる防御的な武器でもあります。"
    },
    {
      "text": "\n"
    },
    {
      "text": "ブロックすることでダメージを減らし、ダメージの一部を反射し、また全ての発射体を反射します。"
    }
  ],
  "properties": [
    "防御的な武器",
    "ダメージは低め",
    "盾として使用可能",
    "ブロックで発射体を反射する"
  ]
}