{
  "tool": "bolt",
  "text": [
    {
      "text": "ボルトは、重く装甲を貫く発射体です。敵の装甲を半分貫通し、大きなダメージを与えます。"
    },
    {
      "text": "\n"
    },
    {
      "text": "ダメージは、クロスボウの攻撃力だけでなくボルトの攻撃力にも依存します。ボルトの作り方のページにボルトコアの作り方が書いています。"
    }
  ],
  "properties": [
    "クロスボウの弾",
    "装甲を50%貫通",
    "回収可能",
    "1本で何度も使える"
  ]
}