{
  "tool": "broadsword",
  "text": [
    {
      "text": "ブロードソードは多彩な武器です。平均的なダメージを与え、薙ぎ払い攻撃で敵をノックバックさせることができ、オフハンドを自由に使えます。"
    },
    {
      "text": "\n"
    },
    {
      "text": "他のオフハンドで使える武器や道具を一緒に使えます。"
    }
  ],
  "properties": [
    "中程度のダメージ",
    "薙ぎ払い攻撃",
    "オフハンド使用可能"
  ]
}