{
  "tool": "cleaver",
  "text": [
    {
      "text": "クリーバーは重い攻撃的な武器です。強力な一撃を与えることができますが、扱うのは難しいです。"
    },
    {
      "text": "\n"
    },
    {
      "text": "クリーバーで敵を倒すと、Mobの頭がドロップすることがあります。首狩りだ！"
    }
  ],
  "properties": [
    "道具鍛冶台が必要",
    "攻撃的な武器",
    "高ダメージだが、遅い",
    "斬首II",
    "両手持ちで、オフハンド無効"
  ]
}