{
  "tool": "crossbow",
  "text": [
    {
      "text": "クロスボウは強力な遠距離武器であり、事前にロードする必要があります。ボルトでの攻撃は高いダメージを与え、敵の装甲の一部を貫通します。これにより追加ダメージを与えます。"
    },
    {
      "text": "\n"
    },
    {
      "text": "ロードは比較的遅いですが、大抵は一撃で十分です。あなたは発射するだけです。"
    }
  ],
  "properties": [
    "道具鍛冶台が必要",
    "Tinkers'のボルトが必要",
    "装甲を一部貫通する",
    "発射の前にロードが必要"
  ]
}