{
  "tool": "frypan",
  "text": [
    {
      "text": "フライパンは重い武器で、その重量で敵の行動を妨げます。基本性能としてノックバック効果を持ちます。"
    },
    {
      "text": "\n"
    },
    {
      "text": "右クリックを長押しして溜めることで強烈な打撃を繰り出し、追加ダメージを与えます。また、敵を遠くに弾き飛ばし、ドロップを調理済みにします。"
    }
  ],
  "properties": [
    "中程度のダメージ",
    "ノックバック効果",
    "右クリック：溜め攻撃",
    "溜め攻撃はドロップアイテムを調理する",
    "オフハンド無効"
  ]
}