{
  "tool": "longsword",
  "text": [
    {
      "text": "ロングソードは攻撃的な武器です。戦場に最高速度で駆けつけるときにも使います。ブロードソードよりも攻撃速度は遅いですが、より高いダメージを与えます。"
    },
    {
      "text": "\n"
    },
    {
      "text": "右クリックを長押しして溜めることで地面を突き、前方に短くジャンプすることができます。"
    }
  ],
  "properties": [
    "平均以上のダメージだが、遅い",
    "右クリック：突き",
    "オフハンド無効"
  ]
}
