{
  "tool": "rapier",
  "text": [
    {
      "text": "レイピアは、高速で(武装した)敵を攻撃することに特化した武器です。レイピアの攻撃は、敵の装甲を一部貫通します。"
    },
    {
      "text": "\n"
    },
    {
      "text": "右クリックでバックステップし、攻撃を素早くかわすことができます。"
    }
  ],
  "properties": [
    "高速、しかし低いダメージ",
    "装甲を50%貫通",
    "右クリック：バックステップ",
    "オフハンド無効"
  ]
}