{
  "title": "修理",
  "text": [
    {
      "text": "あなたが道具を使うと、道具はダメージを受けます。耐久度が全てなくなると、道具は壊れます。:("
    },
    {
      "text": "\n"
    },
    {
      "text": "あなたは道具を修理する必要があります。道具が壊れるまで待つ必要はなく、修理はいつでも出来ます！"
    },
    {
      "text": "修理は簡単です。道具を道具組立台か道具鍛冶台に置き、ヘッド部の素材に相当するアイテムを加えます。道具のヘッド部が複数の素材で構成されている場合は、いずれの素材も利用できます。複数個の素材で一気に修復すると、耐久度の回復値にボーナスが付きます。",
      "paragraph": true
    },
    {
      "text": "あなたはまた、地面の奥深くに潜っているときや、拠点から遠く離れている場合でも、道具を修理することが出来ます。",
      "paragraph": true
    }
  ]
}