{
  "tool": "scythe",
  "text": [
    {
      "text": "大鎌は広範囲の刈り取り道具です。植物に有効で、更に範囲攻撃ができます。"
    },
    {
      "text": "\n"
    },
    {
      "text": "右クリックすると完全に育っている作物やサトウキビを収穫し、更に植え直しをします。"
    }
  ],
  "properties": [
    "道具鍛冶台が必要",
    "範囲攻撃",
    "3x3の範囲収穫",
    "作物や植物に有効",
    "右クリック：範囲収穫と植え直し"
  ]
}