{
  "tool": "shortbow",
  "text": [
    {
      "text": "ショートボウは、遠隔戦闘のための高速で軽快な選択肢です。バニラの弓よりも早く発射できるのでより早く動けますが、ダメージは少し低めです。"
    },
    {
      "text": "\n"
    },
    {
      "text": "敵をピンクッションにしたいなら、ショートボウが適切です。"
    }
  ],
  "properties": [
    "高速で機動性に優れる",
    "Tinkers'の矢を用いる",
    "バニラの矢も使用可能",
    "バニラの矢を使った場合は、やや攻撃力が落ちる"
  ]
}