{
  "title":"",
  "text": [
    {
      "text": "You can shape a non-metal material in a part builder with the pattern, then combine the parts in the tool station. Patterns can be stored and accessing the pattern chest and spare tool parts in the part chest. Lastly you can convert your trusty old crafting table into a crafting station to keep your in progress projects stashed in it so you don't have to put the materials away should you need to walk away."
    },
    {
      "text": "\n"
    },
    {
      "text": "\n"
    },
    {
      "text": "Together these make the Tool Workshop. It is recommended you keep all of these nearby when using any of them. I will now cover how to make each item from the Tool Workshop and show you how best they work together."
    }
  ]
}