{
  "title":"Surviving the first day and beyond",
  "text": [
    {
      "text": "Welcome to the second edition of Materials and You: Surviving the first day and beyond. Within these pages you will find the first steps to making tools with the materials you find."
    },
    {
      "text": "\n"
    },
    {
      "text": "\n"
    },
    {
      "text": "This book is a magic copy and it updates whenever the original has been modified. Check back occasionally for information on new things."
    },
    {
      "text": "\n"
    },
    {
      "text": "\n"
    },
    {
      "text": "The first step in making tools is to craft a blank pattern. It is a blank slate to stamp a shape into, providing a reference for future creations."
    }
  ]
}