{
  "title":"遗失的书页",
  "text": [
    {
      "text": "欢迎阅读再版的《匠魂宝典》：第一天的生存，哦，不，好像有些书页遗失了"
    },
    {
      "text": "这本书并没有完成，但是讲解了全部的材料和强化，之后的版本可能会增加更多的东西，所以记得经常检查更新哦！",
      "paragraph": true
    },
    {
      "text": "哦，对了，如果你想问在哪里能找到铜，铝......\n我只能告诉你：匠魂只在地狱生成钴矿石和阿迪特矿石，除此之外不再生成任何其他矿石，当然，它支持其他模组的矿石",
      "paragraph": true
    }
  ]
}