{
  "tool": "cleaver",
  "text": [
    {
      "text": "§l클리버§r는 공격력이 매우 높지만 속도가 느린 무기입니다."
    },
    {
      "text": "\n"
    },
    {
      "text": "클리버로 적 몬스터를 처치할 경우 그 몬스터가 머리를 드롭할 확률이 올라갑니다."
    }
  ],
  "properties": [
    "도구 조립소 필요",
    "공격형 무기",
    "느리지만 높은 공격 피해",
    "참수 II 기본 지원",
    "반대 손 기능 없음"
  ]
}