{
  "tool": "crossbow",
  "text": [
    {
      "text": "석궁은 강력한 공격력을 가진 원거리 무기입니다. 석궁은 적의 방어구의 방어력 일부를 관통하여 데미지를 입힙니다."
    },
    {
      "text": "\n"
    },
    {
      "text": "석궁을 발사하려면 석궁이 장전 상태가 되어야 합니다. 장전 속도는 매우 느리지만 장전 상태가 되면 언제든지 꺼내서 사용할 수 있습니다."
    }
  ],
  "properties": [
    "도구 조립소 필요",
    "Tinker 볼트 사용",
    "방어구 관통",
    "장전 후 발사가능"
  ]
}