{
  "tool": "longbow",
  "text": [
    {
      "text": "§l장궁§r은 긴 사거리를 가진 원거리 무기입니다. 단궁보다 움직임이 느립니다."
    },
    {
      "text": "\n"
    },
    {
      "text": "위치 우위를 활용하는 데 최적화되어 있으며, 명중시키기만 하면 됩니다."
    }
  ],
  "properties": [
    "도구 조립소 필요",
    "팅커 화살 사용",
    "느리지만 높은 공격 피해",
    "바닐라 화살을 사용할 수 있지만 효과가 떨어짐"
  ]
}