{
  "title": "수리",
  "text": [
    {
      "text": "Tinker 도구의 내구도가 모두 떨어지면 아이템이 사라지지 않고 '망가짐' 상태가 됩니다."
    },
    {
      "text": "\n"
    },
    {
      "text": "망가진 도구는 언제든지 수리할 수 있습니다."
    },
    {
      "text": "망가지거나 내구도 닳은 도구를 도구 조립대나 조립소에 올려놓고 그 도구에 사용된 같은 재료를 주위에 놓아 수리할 수 있습니다.",
      "paragraph": true
    },
    {
      "text": "도구 조립대와 조립소가 없어도 언제 어디서든지 수리할 수 있습니다.",
      "paragraph": true
    }
  ]
}