{
  "title":"페이지가 유실되었습니다.",
  "text": [
    {
      "text": "§l재료의 정석: 첫날 생존 가이드§r의 제2판입니다. 유감스럽게도 일부 페이지가 유실되었습니다."
    },
    {
      "text": "이 책은 완벽하지는 않지만 모든 수식어와 재료를 다루고 있습니다. 앞으로 정보를 추가해 나가고 있으니 다음에 다시 확인하시기 바랍니다.",
      "paragraph": true
    },
    {
      "text": "구리나 알루미늄 같은 것들은 어디로 갔냐고 물으신다면... TConstruct는 이제 네더에 코발트와 아르다이트만 추가하며, 다른 광물은 더 이상 추가하지 않습니다. 하지만 이 광물들을 추가하는 모드의 아이템을 자동으로 지원합니다.",
      "paragraph": true
    }
  ]
}