{
  "title":"",
  "text": [
    {
      "text": "부품 제작대에서 틀을 통해 비금속 재료를 부품으로 만들고, 도구 조립대에서 조합해 도구로 만듭니다. 틀 상자와 부품 상자에는 각각 틀과 부품을 보관할 수 있습니다. 또한 구형 제작대를 팅커의 방식대로 개조하여 재료를 위에 놓아 두고 갈 수 있도록 할 수 있습니다."
    },
    {
      "text": "\n"
    },
    {
      "text": "\n"
    },
    {
      "text": "이것들이 모여 도구 작업장이 됩니다. 어느 것이든 사용할 때 이들 모두를 가까이 두는 것이 좋습니다. 이제부터 도구 작업장의 각 아이템을 만드는 방법과 최적의 조합에 대해 다루겠습니다."
    }
  ]
}