{
  "modifier": "beheading",
  "text": [
    {
      "text": "Натирание оружия обсидианом с жемчугом Эндера добавляет оружию странный эффект - оно легче отрубает голову от тела. Срежем верхушки?"
    }
  ],
  "effects": [
    "Враги теряют головы",
    "Дополнительное добавление обсидиана и жемчуга Края увеличивает шанс отрубания головы",
    "Несколько уровней"
  ],
  "demoTool": [
    "tconstruct:broadsword",
    "tconstruct:cleaver",
    "tconstruct:arrow"
  ]
}