{
  "modifier": "blasting",
  "text": [
    {
      "text": "Взорвать все блоки! БЫСТРО избавься от них!"
    },
    {
      "text": "\n"
    },
    {
      "text": "Каждый уровень прибавляет скорость, но повышает шанс утери блока"
    }
  ],
  "effects": [
    "Быстро ломает блоки",
    "Большие инструменты тоже быстрее ломают нестандартные блоки",
    "Скорее всего, добытые блоки будут уничтожены",
    "Нужен только 1 слот модификации",
    "Несколько уровней"
  ],
  "demoTool": [
    "tconstruct:hammer"
  ]
}