{
  "modifier": "haste",
  "text": [
    {
      "text": "Посыпание инструмента красной пылью увеличивает его скорость. Эффект проявляется сильнее на изначально медленных инструментах."
    },
    {
      "text": "\n"
    },
    {
      "text": "Красный камень. Безумно, не так ли?"
    }
  ],
  "effects": [
    "Увеличение скорости добычи",
    "Увеличение скорости атаки",
    "Несколько уровней"
  ],
  "demoTool": [
    "tconstruct:pickaxe",
    "tconstruct:broadsword",
    "tconstruct:shortbow"
  ]
}