{
  "modifier": "mending_moss",
  "text": [
    {
      "text": "Немного моха вырасло на краях Ваших инструментов. Может быть, зачарование его опытом позволит ему восстанавливать поношенные инструменты."
    }
  ],
  "effects": [
    "Сохраняет поднятый опыт",
    "Макс. количество растёт с уровнем улучшения",
    "Медленно овсстанавливает прочность инструмента",
    "Должен находиться в левой руке или на поясе",
    "Несколько уровней"
  ],
  "demoTool": [
    "tconstruct:pickaxe",
    "tconstruct:broadsword",
    "tconstruct:shortbow",
    "tconstruct:arrow"
  ]
}