{
  "modifier": "necrotic",
  "text": [
    {
      "text": "Помещение кости скелета-иссушителя на инструменте даёт ему возможность высасывать жизнь из врагов."
    }
  ],
  "effects": [
    "Лечение при атаках",
    "Больше костей - больше лечение",
    "Несколько уровней"
  ],
  "demoTool": [
    "tconstruct:broadsword",
    "tconstruct:cleaver",
    "tconstruct:arrow"
  ]
}