{
  "modifier": "reinforced",
  "text": [
    {
      "text": "Добавление усиленной обсидиановой пластины на инструмент, судя по всему, увеличивает его прочность."
    }
  ],
  "effects": [
    "Добавляет шанс не потерять прочность",
    "Складывается с предыдущим шансом Укрепления",
    "Несколько уровней"
  ],
  "demoTool": [
    "tconstruct:pickaxe",
    "tconstruct:hammer",
    "tconstruct:shortbow",
    "tconstruct:arrow"
  ]
}