{
  "modifier": "shulking",
  "text": [
    {
      "text": "Улучшите своё оружие силой Шалкера. Ударьте врага для подъёма его в воздух."
    }
  ],
  "effects": [
    "Каждый уровень увеличивает время парения",
    "Заставляет врагов медленно подниматься в воздухе",
    "Невероятно",
    "Одноразово"
  ],
  "demoTool": [
    "tconstruct:pickaxe",
    "tconstruct:broadsword",
    "tconstruct:arrow"
  ]
}