{
  "title":"",
  "text": [
    {
      "text": "ティンカータンクは縦横が3x3から11x11まで任意のサイズが可能で、高さは3以上であれば任意の高さにできます。構造が大きくなると、タンクの容量が増えます。有効な構造物とするためには、床と天井が必要で、全ての枠部分も存在する必要があります。"
    },
    {
      "text": "ティンカータンクは焼成ブロック、焼成ガラス、製錬炉排液口の任意の組み合わせで構築できますが、床と天井の枠部分は焼成ブロックか製錬炉排液口のいずれかである必要があります。ティンカータンク制御器が1つ必要です。天井を除く任意の位置に配置できますが、枠の外側には配置できません。天井はハーフブロックや階段に変更が可能で、枠部分でも下向きであれば使えます。",
	  "paragraph": true
    }
  ]
}