{
  "title":"Överlev den första dagen och vidare",
  "text": [
    {
      "text": "Välkommen till den andra utgåvan av Materialen och du: Överlev den första dagen and vidare. I dessa sidor kan du hitta de första stegen till att skapa verktyg med materialen du hittar."
    },
    {
      "text": "\n"
    },
    {
      "text": "\n"
    },
    {
      "text": "Denna bok är en magisk kopia och den uppdateras när originalet ändras. Kom tillbaka emellanåt för information om nya saker."
    },
    {
      "text": "\n"
    },
    {
      "text": "\n"
    },
    {
      "text": "Det första steget i att skapa verktyg är att tillverka ett blankt mönster som man trycker ned en form i, vilket fungerar som en referens för framtida skapelser."
    }
  ]
}