{
  "title":"",
  "text": [
    {
      "text": "Du kan formge ett material som inte är en metall i en delbyggare med mönstret och sedan kombinera delarna i verktygsstationen. Mönster kan lagras och komma åt mönsterkistan och reservdelar till verktyg i delkistan. Till sist kan du omvandla din pålitliga gamla arbetsbänk till en tillverkningsstation för att behålla dina pågående projekt så du inte behöver lägga undan materialen om du skulle behöva gå någon annanstans."
    },
    {
      "text": "\n"
    },
    {
      "text": "\n"
    },
    {
      "text": "Tillsammans blir detta verktygsverkstaden. Det rekommenderas att du har alla dessa i närheten när du använder någon av dem. Jag kommer nu gå igenom hur man gör varje föremål i verktygsverkstaden och visa dig hur de fungerar som bäst tillsammans."
    }
  ]
}