{
  "tool": "bolt",
  "text": [
    {
      "text": "弩箭是一個又重又可以穿透裝備的投射物，當它裝上十字弓後可以造成很高的傷害，並且刺穿目標物一半的盔甲。"
    },
    {
      "text": "\n"
    },
    {
      "text": "造成傷害的大小與十字弓和弩箭有關。在弩箭合成介紹裡解釋了如何製造出部件。"
    }
  ],
  "properties": [
    "十字弓的彈藥",
    "50%破甲",
    "可以被撿起",
    "一組包含多發弩箭"
  ]
}