{
  "modifier": "blasting",
  "text": [
    {
      "text": "炸掉所有的方塊! 快讓那些方塊滾開!"
    },
    {
      "text": "\n"
    },
    {
      "text": "你可以為工具附上多個等級來增加速度，但是你可能會失去所以挖下來的方塊。"
    }
  ],
  "effects": [
    "增加破壞方塊的速度",
    "使AOE工具能夠破壞原本無法破壞的方塊",
    "有機率破壞掉落物",
    "只需要占用一個修改次數",
    "分為多個等級"
  ],
  "demoTool": [
    "tconstruct:hammer"
  ]
}